Full Name,FN + LN,LN + FN,2N + FN + LN,LN + 2N + FN
"LAVRISHCHEV, Andrey Vasilyevich",Andrey LAVRISHCHEV,LAVRISHCHEV Andrey,Vasilyevich Andrey LAVRISHCHEV,LAVRISHCHEV Vasilyevich Andrey
"NAUMOV, Stanislav Aleksandrovich",Stanislav NAUMOV,NAUMOV Stanislav,Aleksandrovich Stanislav NAUMOV,NAUMOV Aleksandrovich Stanislav
"MORCILLO TORRES, Gracia",Gracia MORCILLO TORRES,MORCILLO TORRES Gracia, Gracia MORCILLO TORRES,MORCILLO TORRES  Gracia
"AL-HURANI, Haytham Ahmad",Haytham AL-HURANI,AL-HURANI Haytham,Ahmad Haytham AL-HURANI,AL-HURANI Ahmad Haytham
"DAVANKOV, Vladislav Andreyevich",Vladislav DAVANKOV,DAVANKOV Vladislav,Andreyevich Vladislav DAVANKOV,DAVANKOV Andreyevich Vladislav
"RAHIMI, Hossein",Hossein RAHIMI,RAHIMI Hossein, Hossein RAHIMI,RAHIMI  Hossein
"PEREZ ROJAS, Daniel",Daniel PEREZ ROJAS,PEREZ ROJAS Daniel, Daniel PEREZ ROJAS,PEREZ ROJAS  Daniel
"SHI, Min",Min SHI,SHI Min, Min SHI,SHI  Min
"MAYA RIOS, Edison",Edison MAYA RIOS,MAYA RIOS Edison, Edison MAYA RIOS,MAYA RIOS  Edison
"ABDILLAHI, Abshir",Abshir ABDILLAHI,ABDILLAHI Abshir, Abshir ABDILLAHI,ABDILLAHI  Abshir
"CHA, Ta Fa",Ta CHA,CHA Ta,Fa Ta CHA,CHA Fa Ta
"CHAN, Eric",Eric CHAN,CHAN Eric, Eric CHAN,CHAN  Eric
"HERNANDEZ MEJIA, Jorge Alberto",Jorge HERNANDEZ MEJIA,HERNANDEZ MEJIA Jorge,Alberto Jorge HERNANDEZ MEJIA,HERNANDEZ MEJIA Alberto Jorge
"AL-SHAMI, Husayn",Husayn AL-SHAMI,AL-SHAMI Husayn, Husayn AL-SHAMI,AL-SHAMI  Husayn
"W KIDAN, Hagos Ghebrehiwet",Hagos W KIDAN,W KIDAN Hagos,Ghebrehiwet Hagos W KIDAN,W KIDAN Ghebrehiwet Hagos
"UZDENOV, Dzhasharbek Borisovich",Dzhasharbek UZDENOV,UZDENOV Dzhasharbek,Borisovich Dzhasharbek UZDENOV,UZDENOV Borisovich Dzhasharbek
"MUSBAH, Nourddin Milood M",Nourddin MUSBAH,MUSBAH Nourddin,Milood M Nourddin MUSBAH,MUSBAH Milood M Nourddin
"MOROZOV, Igor Nikolayevich",Igor MOROZOV,MOROZOV Igor,Nikolayevich Igor MOROZOV,MOROZOV Nikolayevich Igor
"HABIB, Mohammed Turki",Mohammed HABIB,HABIB Mohammed,Turki Mohammed HABIB,HABIB Turki Mohammed
"DJERMANE, Kamel",Kamel DJERMANE,DJERMANE Kamel, Kamel DJERMANE,DJERMANE  Kamel
"BOZORG, Marzieh",Marzieh BOZORG,BOZORG Marzieh, Marzieh BOZORG,BOZORG  Marzieh
"AL-HARIRI, Musa",Musa AL-HARIRI,AL-HARIRI Musa, Musa AL-HARIRI,AL-HARIRI  Musa
"SANLI, Hakki Selcuk",Hakki SANLI,SANLI Hakki,Selcuk Hakki SANLI,SANLI Selcuk Hakki
"CARRILLO FUENTES, Vicente",Vicente CARRILLO FUENTES,CARRILLO FUENTES Vicente, Vicente CARRILLO FUENTES,CARRILLO FUENTES  Vicente
"ISMAIL, Samer",Samer ISMAIL,ISMAIL Samer, Samer ISMAIL,ISMAIL  Samer
"MUTHANA, Aseel",Aseel MUTHANA,MUTHANA Aseel, Aseel MUTHANA,MUTHANA  Aseel
"DARRAJI, Kamel",Kamel DARRAJI,DARRAJI Kamel, Kamel DARRAJI,DARRAJI  Kamel
"'ABBAS, Yasir",Yasir 'ABBAS,'ABBAS Yasir, Yasir 'ABBAS,'ABBAS  Yasir
"JAROSH, Petr Grigorievich",Petr JAROSH,JAROSH Petr,Grigorievich Petr JAROSH,JAROSH Grigorievich Petr
"PANTELEYEV, Sergey Mikhaylovich",Sergey PANTELEYEV,PANTELEYEV Sergey,Mikhaylovich Sergey PANTELEYEV,PANTELEYEV Mikhaylovich Sergey
"VALENCIA TRUJILLO, Joaquin Mario",Joaquin VALENCIA TRUJILLO,VALENCIA TRUJILLO Joaquin,Mario Joaquin VALENCIA TRUJILLO,VALENCIA TRUJILLO Mario Joaquin
"AL-FAKHURI, Husam 'Adbd-al-Barr",Husam AL-FAKHURI,AL-FAKHURI Husam,'Adbd-al-Barr Husam AL-FAKHURI,AL-FAKHURI 'Adbd-al-Barr Husam
"BORISSOV, Alexander Aleksandrovich",Alexander BORISSOV,BORISSOV Alexander,Aleksandrovich Alexander BORISSOV,BORISSOV Aleksandrovich Alexander
"HABIBI, Skender",Skender HABIBI,HABIBI Skender, Skender HABIBI,HABIBI  Skender
"KHAROUBI, Jamal Mohamad",Jamal KHAROUBI,KHAROUBI Jamal,Mohamad Jamal KHAROUBI,KHAROUBI Mohamad Jamal
"QANSU, Ali Muhammad",Ali QANSU,QANSU Ali,Muhammad Ali QANSU,QANSU Muhammad Ali
"SORWAR, Tofayel Mustafa",Tofayel SORWAR,SORWAR Tofayel,Mustafa Tofayel SORWAR,SORWAR Mustafa Tofayel
"BAHADORI, Masoud",Masoud BAHADORI,BAHADORI Masoud, Masoud BAHADORI,BAHADORI  Masoud
"NAJJAR, Wafa'",Wafa' NAJJAR,NAJJAR Wafa', Wafa' NAJJAR,NAJJAR  Wafa'
"NANGAA, Corneille Yobeluo",Corneille NANGAA,NANGAA Corneille,Yobeluo Corneille NANGAA,NANGAA Yobeluo Corneille
"KANG, P'il-Hun",P'il-Hun KANG,KANG P'il-Hun, P'il-Hun KANG,KANG  P'il-Hun
"ZHANG, Longbao",Longbao ZHANG,ZHANG Longbao, Longbao ZHANG,ZHANG  Longbao
"RAHIMIAN, Pezhman",Pezhman RAHIMIAN,RAHIMIAN Pezhman, Pezhman RAHIMIAN,RAHIMIAN  Pezhman
"PANFEROV, Alexey Valeryevich",Alexey PANFEROV,PANFEROV Alexey,Valeryevich Alexey PANFEROV,PANFEROV Valeryevich Alexey
"OO, Mya Tun",Mya OO,OO Mya,Tun Mya OO,OO Tun Mya
"DOSEN, Damir",Damir DOSEN,DOSEN Damir, Damir DOSEN,DOSEN  Damir
"KHASANOV, Murat Ruslanovich",Murat KHASANOV,KHASANOV Murat,Ruslanovich Murat KHASANOV,KHASANOV Ruslanovich Murat
"LALOVIC, Dragan",Dragan LALOVIC,LALOVIC Dragan, Dragan LALOVIC,LALOVIC  Dragan
"MUNOZ MEJIA, Jonathan",Jonathan MUNOZ MEJIA,MUNOZ MEJIA Jonathan, Jonathan MUNOZ MEJIA,MUNOZ MEJIA  Jonathan
"LIMON SANCHEZ, Alfonso",Alfonso LIMON SANCHEZ,LIMON SANCHEZ Alfonso, Alfonso LIMON SANCHEZ,LIMON SANCHEZ  Alfonso
"CHANG, Ping Yun",Ping CHANG,CHANG Ping,Yun Ping CHANG,CHANG Yun Ping
"IPARRAGUIRRE GUENECHEA, Maria Soledad",Maria IPARRAGUIRRE GUENECHEA,IPARRAGUIRRE GUENECHEA Maria,Soledad Maria IPARRAGUIRRE GUENECHEA,IPARRAGUIRRE GUENECHEA Soledad Maria
"QASIM, Naim",Naim QASIM,QASIM Naim, Naim QASIM,QASIM  Naim
"MURILLO DE ORTEGA, Rosario Maria",Rosario MURILLO DE ORTEGA,MURILLO DE ORTEGA Rosario,Maria Rosario MURILLO DE ORTEGA,MURILLO DE ORTEGA Maria Rosario
"MACHAYA, Jaison Max Kokerai",Jaison MACHAYA,MACHAYA Jaison,Max Kokerai Jaison MACHAYA,MACHAYA Max Kokerai Jaison
"GIGEL, Tatyana Anatolyevna",Tatyana GIGEL,GIGEL Tatyana,Anatolyevna Tatyana GIGEL,GIGEL Anatolyevna Tatyana
"VALLARTA ESCALANTE, Luis Francisco",Luis VALLARTA ESCALANTE,VALLARTA ESCALANTE Luis,Francisco Luis VALLARTA ESCALANTE,VALLARTA ESCALANTE Francisco Luis
"AL-ASSAD, Maher",Maher AL-ASSAD,AL-ASSAD Maher, Maher AL-ASSAD,AL-ASSAD  Maher
"AMEEN AL-PESHAWARI, Fazeel-A-Tul Shaykh Abu Mohammed",Fazeel-A-Tul AMEEN AL-PESHAWARI,AMEEN AL-PESHAWARI Fazeel-A-Tul,Shaykh Abu Mohammed Fazeel-A-Tul AMEEN AL-PESHAWARI,AMEEN AL-PESHAWARI Shaykh Abu Mohammed Fazeel-A-Tul
"TASCON ROJAS, Servio Tulio",Servio TASCON ROJAS,TASCON ROJAS Servio,Tulio Servio TASCON ROJAS,TASCON ROJAS Tulio Servio
"NA'SANI, Jawdat",Jawdat NA'SANI,NA'SANI Jawdat, Jawdat NA'SANI,NA'SANI  Jawdat
"CHAPLIN, Nikita Yuryevich",Nikita CHAPLIN,CHAPLIN Nikita,Yuryevich Nikita CHAPLIN,CHAPLIN Yuryevich Nikita
"CHAVARRIA MONTENEGRO, Jose Adrian",Jose CHAVARRIA MONTENEGRO,CHAVARRIA MONTENEGRO Jose,Adrian Jose CHAVARRIA MONTENEGRO,CHAVARRIA MONTENEGRO Adrian Jose
"SARKISYAN, Aleksandr Pavlovich",Aleksandr SARKISYAN,SARKISYAN Aleksandr,Pavlovich Aleksandr SARKISYAN,SARKISYAN Pavlovich Aleksandr
"BOGACHEV, Evgeniy Mikhaylovich",Evgeniy BOGACHEV,BOGACHEV Evgeniy,Mikhaylovich Evgeniy BOGACHEV,BOGACHEV Mikhaylovich Evgeniy
"KIM, Sang-ho",Sang-ho KIM,KIM Sang-ho, Sang-ho KIM,KIM  Sang-ho
"ROSTAMI CHESHMEH GACHI, Mohammad",Mohammad ROSTAMI CHESHMEH GACHI,ROSTAMI CHESHMEH GACHI Mohammad, Mohammad ROSTAMI CHESHMEH GACHI,ROSTAMI CHESHMEH GACHI  Mohammad
"REZVANIANZADEH, Mohammed Reza",Mohammed REZVANIANZADEH,REZVANIANZADEH Mohammed,Reza Mohammed REZVANIANZADEH,REZVANIANZADEH Reza Mohammed
"ABDULLAH, Mian",Mian ABDULLAH,ABDULLAH Mian, Mian ABDULLAH,ABDULLAH  Mian
"BABAKOV, Alexander Mikhailovich",Alexander BABAKOV,BABAKOV Alexander,Mikhailovich Alexander BABAKOV,BABAKOV Mikhailovich Alexander
"AW-MOHAMED, Ahmed Abdi",Ahmed AW-MOHAMED,AW-MOHAMED Ahmed,Abdi Ahmed AW-MOHAMED,AW-MOHAMED Abdi Ahmed
"KRYEZIU, Izmet",Izmet KRYEZIU,KRYEZIU Izmet, Izmet KRYEZIU,KRYEZIU  Izmet
"KHARROUBI, Ali Mohamed",Ali KHARROUBI,KHARROUBI Ali,Mohamed Ali KHARROUBI,KHARROUBI Mohamed Ali
"LUCERO DE MARTINEZ, Sandra",Sandra LUCERO DE MARTINEZ,LUCERO DE MARTINEZ Sandra, Sandra LUCERO DE MARTINEZ,LUCERO DE MARTINEZ  Sandra
"SAVCHENKO, Oleg Vladimirovich",Oleg SAVCHENKO,SAVCHENKO Oleg,Vladimirovich Oleg SAVCHENKO,SAVCHENKO Vladimirovich Oleg
"VALDEZ GARCIA, Bernardo Antonio",Bernardo VALDEZ GARCIA,VALDEZ GARCIA Bernardo,Antonio Bernardo VALDEZ GARCIA,VALDEZ GARCIA Antonio Bernardo
"TORRES HOYOS, Carlos Mario",Carlos TORRES HOYOS,TORRES HOYOS Carlos,Mario Carlos TORRES HOYOS,TORRES HOYOS Mario Carlos
"BANDO, Haji",Haji BANDO,BANDO Haji, Haji BANDO,BANDO  Haji
"NABIZADA, Kamaluddin Gulam",Kamaluddin NABIZADA,NABIZADA Kamaluddin,Gulam Kamaluddin NABIZADA,NABIZADA Gulam Kamaluddin
"BRALO, Miroslav",Miroslav BRALO,BRALO Miroslav, Miroslav BRALO,BRALO  Miroslav
"SUSANTI, Dwi Dahlia",Dwi SUSANTI,SUSANTI Dwi,Dahlia Dwi SUSANTI,SUSANTI Dahlia Dwi
"GALESHKALAMI, Iman Sedaghat",Iman GALESHKALAMI,GALESHKALAMI Iman,Sedaghat Iman GALESHKALAMI,GALESHKALAMI Sedaghat Iman
"AL-OMGY, Muhammad Salih Abd-Rabbuh",Muhammad AL-OMGY,AL-OMGY Muhammad,Salih Abd-Rabbuh Muhammad AL-OMGY,AL-OMGY Salih Abd-Rabbuh Muhammad
"DIAZ FLORES, Nahima Janett",Nahima DIAZ FLORES,DIAZ FLORES Nahima,Janett Nahima DIAZ FLORES,DIAZ FLORES Janett Nahima
"ARREDONDO ORTIZ, Carlos Arturo",Carlos ARREDONDO ORTIZ,ARREDONDO ORTIZ Carlos,Arturo Carlos ARREDONDO ORTIZ,ARREDONDO ORTIZ Arturo Carlos
"VOROBYEV, Stanislav Anatolyevich",Stanislav VOROBYEV,VOROBYEV Stanislav,Anatolyevich Stanislav VOROBYEV,VOROBYEV Anatolyevich Stanislav
"MIREMBE, Dorah",Dorah MIREMBE,MIREMBE Dorah, Dorah MIREMBE,MIREMBE  Dorah
"ALEXEYENKO, Nikolay Nikolayevich",Nikolay ALEXEYENKO,ALEXEYENKO Nikolay,Nikolayevich Nikolay ALEXEYENKO,ALEXEYENKO Nikolayevich Nikolay
"REMADNA, Abdelhalim",Abdelhalim REMADNA,REMADNA Abdelhalim, Abdelhalim REMADNA,REMADNA  Abdelhalim
"MIRZAEI, Mohammad Ali",Mohammad MIRZAEI,MIRZAEI Mohammad,Ali Mohammad MIRZAEI,MIRZAEI Ali Mohammad
"WALID, Hafiz Khalid",Hafiz WALID,WALID Hafiz,Khalid Hafiz WALID,WALID Khalid Hafiz
"GILMUTDINOV, Ildar Irekovich",Ildar GILMUTDINOV,GILMUTDINOV Ildar,Irekovich Ildar GILMUTDINOV,GILMUTDINOV Irekovich Ildar
"TSELIKAVIETS, Iryna Aliaksandrawna",Iryna TSELIKAVIETS,TSELIKAVIETS Iryna,Aliaksandrawna Iryna TSELIKAVIETS,TSELIKAVIETS Aliaksandrawna Iryna
"KUZNETSOV, Artem",Artem KUZNETSOV,KUZNETSOV Artem, Artem KUZNETSOV,KUZNETSOV  Artem
"MARVI, Ahmad",Ahmad MARVI,MARVI Ahmad, Ahmad MARVI,MARVI  Ahmad
"KIRIYENKO, Sergei Vladilenovich",Sergei KIRIYENKO,KIRIYENKO Sergei,Vladilenovich Sergei KIRIYENKO,KIRIYENKO Vladilenovich Sergei
"AL-SILMU, Ahmad al-Hasan",Ahmad AL-SILMU,AL-SILMU Ahmad,al-Hasan Ahmad AL-SILMU,AL-SILMU al-Hasan Ahmad
"MATRAIMOV, Raimbek",Raimbek MATRAIMOV,MATRAIMOV Raimbek, Raimbek MATRAIMOV,MATRAIMOV  Raimbek
"CALVO LOMBANA, Gabriel Andres",Gabriel CALVO LOMBANA,CALVO LOMBANA Gabriel,Andres Gabriel CALVO LOMBANA,CALVO LOMBANA Andres Gabriel
"ARTEMOV, Viktor Sergiyovich",Viktor ARTEMOV,ARTEMOV Viktor,Sergiyovich Viktor ARTEMOV,ARTEMOV Sergiyovich Viktor
"'AWDAH, Nasim",Nasim 'AWDAH,'AWDAH Nasim, Nasim 'AWDAH,'AWDAH  Nasim
"MOHAMMAD, Haji Baz",Haji MOHAMMAD,MOHAMMAD Haji,Baz Haji MOHAMMAD,MOHAMMAD Baz Haji
"VILLOTA SEGURA, Segundo Alberto",Segundo VILLOTA SEGURA,VILLOTA SEGURA Segundo,Alberto Segundo VILLOTA SEGURA,VILLOTA SEGURA Alberto Segundo
"BELAN, Aleksey Alekseyevich",Aleksey BELAN,BELAN Aleksey,Alekseyevich Aleksey BELAN,BELAN Alekseyevich Aleksey
"ABDURAKHMANOV, Maghomed Maghomedzakirovich",Maghomed ABDURAKHMANOV,ABDURAKHMANOV Maghomed,Maghomedzakirovich Maghomed ABDURAKHMANOV,ABDURAKHMANOV Maghomedzakirovich Maghomed
"RUANO YANDUN, Tito Aldemar",Tito RUANO YANDUN,RUANO YANDUN Tito,Aldemar Tito RUANO YANDUN,RUANO YANDUN Aldemar Tito
"MUGABE, Robert Gabriel",Robert MUGABE,MUGABE Robert,Gabriel Robert MUGABE,MUGABE Gabriel Robert
"GONZALEZ HIGUERA, Jaime",Jaime GONZALEZ HIGUERA,GONZALEZ HIGUERA Jaime, Jaime GONZALEZ HIGUERA,GONZALEZ HIGUERA  Jaime
"KASTYUKEVICH, Igor Yuryevich",Igor KASTYUKEVICH,KASTYUKEVICH Igor,Yuryevich Igor KASTYUKEVICH,KASTYUKEVICH Yuryevich Igor
"LAM, John Top",John LAM,LAM John,Top John LAM,LAM Top John
"SLYUSAR, Yury Borisovich",Yury SLYUSAR,SLYUSAR Yury,Borisovich Yury SLYUSAR,SLYUSAR Borisovich Yury
"REVENKO, Evgeny Vasilievich",Evgeny REVENKO,REVENKO Evgeny,Vasilievich Evgeny REVENKO,REVENKO Vasilievich Evgeny
"SHUSHANASHVILI, Kakhaber Pavlovich",Kakhaber SHUSHANASHVILI,SHUSHANASHVILI Kakhaber,Pavlovich Kakhaber SHUSHANASHVILI,SHUSHANASHVILI Pavlovich Kakhaber
"OSEGUERA CERVANTES, Nemesio",Nemesio OSEGUERA CERVANTES,OSEGUERA CERVANTES Nemesio, Nemesio OSEGUERA CERVANTES,OSEGUERA CERVANTES  Nemesio
"NOORI, Mohsen",Mohsen NOORI,NOORI Mohsen, Mohsen NOORI,NOORI  Mohsen
"NAJIB, Ahmad",Ahmad NAJIB,NAJIB Ahmad, Ahmad NAJIB,NAJIB  Ahmad
"BARSUKOU, Alyaksandr Pyatrovich",Alyaksandr BARSUKOU,BARSUKOU Alyaksandr,Pyatrovich Alyaksandr BARSUKOU,BARSUKOU Pyatrovich Alyaksandr
"SEMYONOV, Valery Vladimirovich",Valery SEMYONOV,SEMYONOV Valery,Vladimirovich Valery SEMYONOV,SEMYONOV Vladimirovich Valery
"PANKINA, Irina Aleksandrovna",Irina PANKINA,PANKINA Irina,Aleksandrovna Irina PANKINA,PANKINA Aleksandrovna Irina
"CHACON MIRANDA, Alejandro",Alejandro CHACON MIRANDA,CHACON MIRANDA Alejandro, Alejandro CHACON MIRANDA,CHACON MIRANDA  Alejandro
"SOLIS AVILES, Angello de Jesus",Angello SOLIS AVILES,SOLIS AVILES Angello,de Jesus Angello SOLIS AVILES,SOLIS AVILES de Jesus Angello
"MIRDASH, Misbah",Misbah MIRDASH,MIRDASH Misbah, Misbah MIRDASH,MIRDASH  Misbah
"HANDAL PEREZ, Jose Miguel",Jose HANDAL PEREZ,HANDAL PEREZ Jose,Miguel Jose HANDAL PEREZ,HANDAL PEREZ Miguel Jose
"MUHAXHERI, Lavdrim",Lavdrim MUHAXHERI,MUHAXHERI Lavdrim, Lavdrim MUHAXHERI,MUHAXHERI  Lavdrim
"CORONEL BARRERAS, Ines",Ines CORONEL BARRERAS,CORONEL BARRERAS Ines, Ines CORONEL BARRERAS,CORONEL BARRERAS  Ines
"GAFNER, Denis Yakovlevich",Denis GAFNER,GAFNER Denis,Yakovlevich Denis GAFNER,GAFNER Yakovlevich Denis
"PERMINOV, Dmitry Sergeyevich",Dmitry PERMINOV,PERMINOV Dmitry,Sergeyevich Dmitry PERMINOV,PERMINOV Sergeyevich Dmitry
"RIHANI, Lotfi Ben Abdul Hamid Ben Ali",Lotfi RIHANI,RIHANI Lotfi,Ben Abdul Hamid Ben Ali Lotfi RIHANI,RIHANI Ben Abdul Hamid Ben Ali Lotfi
"SOTOMAYOR GARCIA, Romarico Vidal",Romarico SOTOMAYOR GARCIA,SOTOMAYOR GARCIA Romarico,Vidal Romarico SOTOMAYOR GARCIA,SOTOMAYOR GARCIA Vidal Romarico
"MURERWA, Ruth Chipo",Ruth MURERWA,MURERWA Ruth,Chipo Ruth MURERWA,MURERWA Chipo Ruth
"GAYE, Haroun",Haroun GAYE,GAYE Haroun, Haroun GAYE,GAYE  Haroun
"RI, Su Yong",Su RI,RI Su,Yong Su RI,RI Yong Su
"MEHDI, Ali Ghadeer",Ali MEHDI,MEHDI Ali,Ghadeer Ali MEHDI,MEHDI Ghadeer Ali
"LU, Xinning",Xinning LU,LU Xinning, Xinning LU,LU  Xinning
"DUGINA, Darya Aleksandrovna",Darya DUGINA,DUGINA Darya,Aleksandrovna Darya DUGINA,DUGINA Aleksandrovna Darya
"RADAN, Ahmad-Reza",Ahmad-Reza RADAN,RADAN Ahmad-Reza, Ahmad-Reza RADAN,RADAN  Ahmad-Reza
"YUHUA, Shi",Shi YUHUA,YUHUA Shi, Shi YUHUA,YUHUA  Shi
"SIERRA, Elena Oduliovna",Elena SIERRA,SIERRA Elena,Oduliovna Elena SIERRA,SIERRA Oduliovna Elena
"ASLANOV, Dzheykhun Nasimi Ogly",Dzheykhun ASLANOV,ASLANOV Dzheykhun,Nasimi Ogly Dzheykhun ASLANOV,ASLANOV Nasimi Ogly Dzheykhun
"CHERKASOVA, Nadia Narimanovna",Nadia CHERKASOVA,CHERKASOVA Nadia,Narimanovna Nadia CHERKASOVA,CHERKASOVA Narimanovna Nadia
"GULIN, Maxim Alexeyevich",Maxim GULIN,GULIN Maxim,Alexeyevich Maxim GULIN,GULIN Alexeyevich Maxim
"AL-ALI, Nasr",Nasr AL-ALI,AL-ALI Nasr, Nasr AL-ALI,AL-ALI  Nasr
"MORDASHOV, Alexey Aleksandrovich",Alexey MORDASHOV,MORDASHOV Alexey,Aleksandrovich Alexey MORDASHOV,MORDASHOV Aleksandrovich Alexey
"ALVARES, Carlos",Carlos ALVARES,ALVARES Carlos, Carlos ALVARES,ALVARES  Carlos
"NASSER, Fawaz Mahmud Ali",Fawaz NASSER,NASSER Fawaz,Mahmud Ali Fawaz NASSER,NASSER Mahmud Ali Fawaz
"NIKOUSOKHAN, Mahmoud",Mahmoud NIKOUSOKHAN,NIKOUSOKHAN Mahmoud, Mahmoud NIKOUSOKHAN,NIKOUSOKHAN  Mahmoud
"AL-GHAMARI, Muhammad Abd Al-Karim",Muhammad AL-GHAMARI,AL-GHAMARI Muhammad,Abd Al-Karim Muhammad AL-GHAMARI,AL-GHAMARI Abd Al-Karim Muhammad
"GHARIB, Fadil Mahmud",Fadil GHARIB,GHARIB Fadil,Mahmud Fadil GHARIB,GHARIB Mahmud Fadil
"AL GHABRA, Mohammed",Mohammed AL GHABRA,AL GHABRA Mohammed, Mohammed AL GHABRA,AL GHABRA  Mohammed
"DUWAYR, Ruba",Ruba DUWAYR,DUWAYR Ruba, Ruba DUWAYR,DUWAYR  Ruba
"TAM, Yiu-chung",Yiu-chung TAM,TAM Yiu-chung, Yiu-chung TAM,TAM  Yiu-chung
"ALI-ASGARI, Abdulali",Abdulali ALI-ASGARI,ALI-ASGARI Abdulali, Abdulali ALI-ASGARI,ALI-ASGARI  Abdulali
"BAYALTUN, Ismail",Ismail BAYALTUN,BAYALTUN Ismail, Ismail BAYALTUN,BAYALTUN  Ismail
"TAVAKKOLI, Hossein",Hossein TAVAKKOLI,TAVAKKOLI Hossein, Hossein TAVAKKOLI,TAVAKKOLI  Hossein
"JO, Kyong-Chol",Kyong-Chol JO,JO Kyong-Chol, Kyong-Chol JO,JO  Kyong-Chol
"PALAGIN, Viktor Nikolayevich",Viktor PALAGIN,PALAGIN Viktor,Nikolayevich Viktor PALAGIN,PALAGIN Nikolayevich Viktor
"AL-RUBA, Dr. Khadim",Dr. AL-RUBA,AL-RUBA Dr.,Khadim Dr. AL-RUBA,AL-RUBA Khadim Dr.
"IKANOVIC, Bajro",Bajro IKANOVIC,IKANOVIC Bajro, Bajro IKANOVIC,IKANOVIC  Bajro
"NIKOLAEVA, Victoria Victorovna",Victoria NIKOLAEVA,NIKOLAEVA Victoria,Victorovna Victoria NIKOLAEVA,NIKOLAEVA Victorovna Victoria
"EMELIANENKO, Viktor Andriyovych",Viktor EMELIANENKO,EMELIANENKO Viktor,Andriyovych Viktor EMELIANENKO,EMELIANENKO Andriyovych Viktor
"YARIN, Andrei Veniaminovich",Andrei YARIN,YARIN Andrei,Veniaminovich Andrei YARIN,YARIN Veniaminovich Andrei
"IVANYUZHENKOV, Boris Viktorovich",Boris IVANYUZHENKOV,IVANYUZHENKOV Boris,Viktorovich Boris IVANYUZHENKOV,IVANYUZHENKOV Viktorovich Boris
"PARRA RIVERO, Luis Eduardo",Luis PARRA RIVERO,PARRA RIVERO Luis,Eduardo Luis PARRA RIVERO,PARRA RIVERO Eduardo Luis
"ROTENBERG, Boris Romanovich",Boris ROTENBERG,ROTENBERG Boris,Romanovich Boris ROTENBERG,ROTENBERG Romanovich Boris
"GALUSHINA, Rimma Fyodorovna",Rimma GALUSHINA,GALUSHINA Rimma,Fyodorovna Rimma GALUSHINA,GALUSHINA Fyodorovna Rimma
"GUTIERREZ, Dolis",Dolis GUTIERREZ,GUTIERREZ Dolis, Dolis GUTIERREZ,GUTIERREZ  Dolis
"GUMEROVA, Lilia Salavatovna",Lilia GUMEROVA,GUMEROVA Lilia,Salavatovna Lilia GUMEROVA,GUMEROVA Salavatovna Lilia
"TALEBZADEH, Zeinab Mehanna",Zeinab TALEBZADEH,TALEBZADEH Zeinab,Mehanna Zeinab TALEBZADEH,TALEBZADEH Mehanna Zeinab
"KOZYAKOV, Serhiy",Serhiy KOZYAKOV,KOZYAKOV Serhiy, Serhiy KOZYAKOV,KOZYAKOV  Serhiy
"URANGA ARTOLA, Kemen",Kemen URANGA ARTOLA,URANGA ARTOLA Kemen, Kemen URANGA ARTOLA,URANGA ARTOLA  Kemen
"LOPEZ RODRIGUEZ, Jorge Octavio",Jorge LOPEZ RODRIGUEZ,LOPEZ RODRIGUEZ Jorge,Octavio Jorge LOPEZ RODRIGUEZ,LOPEZ RODRIGUEZ Octavio Jorge
"FATTAH, Jum'a Abdul",Jum'a FATTAH,FATTAH Jum'a,Abdul Jum'a FATTAH,FATTAH Abdul Jum'a
"SALEH, Ali Mohamad",Ali SALEH,SALEH Ali,Mohamad Ali SALEH,SALEH Mohamad Ali
"ARCE BORBOA, Ana Cristina",Ana ARCE BORBOA,ARCE BORBOA Ana,Cristina Ana ARCE BORBOA,ARCE BORBOA Cristina Ana
"GONZALEZ RODRIGUEZ, Dimas",Dimas GONZALEZ RODRIGUEZ,GONZALEZ RODRIGUEZ Dimas, Dimas GONZALEZ RODRIGUEZ,GONZALEZ RODRIGUEZ  Dimas
"KOLOMEITSEV, Nikolay Vasilievich",Nikolay KOLOMEITSEV,KOLOMEITSEV Nikolay,Vasilievich Nikolay KOLOMEITSEV,KOLOMEITSEV Vasilievich Nikolay
"ABD AL-RAHMAN, Atiyah",Atiyah ABD AL-RAHMAN,ABD AL-RAHMAN Atiyah, Atiyah ABD AL-RAHMAN,ABD AL-RAHMAN  Atiyah
"YEZERSKY, Nikolay Nikolayevich",Nikolay YEZERSKY,YEZERSKY Nikolay,Nikolayevich Nikolay YEZERSKY,YEZERSKY Nikolayevich Nikolay
"ZAKHARCHENKO, Vitaliy Yuriyovych",Vitaliy ZAKHARCHENKO,ZAKHARCHENKO Vitaliy,Yuriyovych Vitaliy ZAKHARCHENKO,ZAKHARCHENKO Yuriyovych Vitaliy
"NIKONOROVA, Natalya Yurievna",Natalya NIKONOROVA,NIKONOROVA Natalya,Yurievna Natalya NIKONOROVA,NIKONOROVA Yurievna Natalya
"SALEHI, Foad",Foad SALEHI,SALEHI Foad, Foad SALEHI,SALEHI  Foad
"AL-SHAMI, Ahmad",Ahmad AL-SHAMI,AL-SHAMI Ahmad, Ahmad AL-SHAMI,AL-SHAMI  Ahmad
"SERBIN, Andrey",Andrey SERBIN,SERBIN Andrey, Andrey SERBIN,SERBIN  Andrey
"CHUYCHENKO, Konstantin Anatolyevich",Konstantin CHUYCHENKO,CHUYCHENKO Konstantin,Anatolyevich Konstantin CHUYCHENKO,CHUYCHENKO Anatolyevich Konstantin
"THAUNG, Jonathan Myo Kyaw",Jonathan THAUNG,THAUNG Jonathan,Myo Kyaw Jonathan THAUNG,THAUNG Myo Kyaw Jonathan
"GHALIB, Nayif Shindakh Thamir",Nayif GHALIB,GHALIB Nayif,Shindakh Thamir Nayif GHALIB,GHALIB Shindakh Thamir Nayif
"MUKHAYBIR, Salma",Salma MUKHAYBIR,MUKHAYBIR Salma, Salma MUKHAYBIR,MUKHAYBIR  Salma
"VALLE VALLE, Jose Reynerio",Jose VALLE VALLE,VALLE VALLE Jose,Reynerio Jose VALLE VALLE,VALLE VALLE Reynerio Jose
"HERNANDEZ MORENO, Arturo",Arturo HERNANDEZ MORENO,HERNANDEZ MORENO Arturo, Arturo HERNANDEZ MORENO,HERNANDEZ MORENO  Arturo
"FOZ, Husen",Husen FOZ,FOZ Husen, Husen FOZ,FOZ  Husen
"KUTEPOV, Andrey Viktorovich",Andrey KUTEPOV,KUTEPOV Andrey,Viktorovich Andrey KUTEPOV,KUTEPOV Viktorovich Andrey
"KANOKOV, Timur Borisovich",Timur KANOKOV,KANOKOV Timur,Borisovich Timur KANOKOV,KANOKOV Borisovich Timur
"AGUINO ARBOLEDA, Onofre Junior",Onofre AGUINO ARBOLEDA,AGUINO ARBOLEDA Onofre,Junior Onofre AGUINO ARBOLEDA,AGUINO ARBOLEDA Junior Onofre
"MUSA, Rifa'i Ahmad Taha",Rifa'i MUSA,MUSA Rifa'i,Ahmad Taha Rifa'i MUSA,MUSA Ahmad Taha Rifa'i
"SHIROKOV, Anatoly Ivanovich",Anatoly SHIROKOV,SHIROKOV Anatoly,Ivanovich Anatoly SHIROKOV,SHIROKOV Ivanovich Anatoly
"SAMAYOA MONTEJO, Roger Antulio",Roger SAMAYOA MONTEJO,SAMAYOA MONTEJO Roger,Antulio Roger SAMAYOA MONTEJO,SAMAYOA MONTEJO Antulio Roger
"RECINOS DE BERNAL, Martha Carolina",Martha RECINOS DE BERNAL,RECINOS DE BERNAL Martha,Carolina Martha RECINOS DE BERNAL,RECINOS DE BERNAL Carolina Martha
"KOLBAYEV, Kamchybek Asanbekovich",Kamchybek KOLBAYEV,KOLBAYEV Kamchybek,Asanbekovich Kamchybek KOLBAYEV,KOLBAYEV Asanbekovich Kamchybek
"QATTAN, Maysa'",Maysa' QATTAN,QATTAN Maysa', Maysa' QATTAN,QATTAN  Maysa'
"KITU', 'Abd-al-Latif",'Abd-al-Latif KITU',KITU' 'Abd-al-Latif, 'Abd-al-Latif KITU',KITU'  'Abd-al-Latif
"KOZLOVSKY, Alexander Nikolayevich",Alexander KOZLOVSKY,KOZLOVSKY Alexander,Nikolayevich Alexander KOZLOVSKY,KOZLOVSKY Nikolayevich Alexander
"SLEWA, Roodi",Roodi SLEWA,SLEWA Roodi, Roodi SLEWA,SLEWA  Roodi
"VARON CADENA, Ingrid Edith",Ingrid VARON CADENA,VARON CADENA Ingrid,Edith Ingrid VARON CADENA,VARON CADENA Edith Ingrid
"ALSHAER, Saleh Mesfer",Saleh ALSHAER,ALSHAER Saleh,Mesfer Saleh ALSHAER,ALSHAER Mesfer Saleh
"HILAL, Musa",Musa HILAL,HILAL Musa, Musa HILAL,HILAL  Musa
"ROGOV, Volodymyr Valeriyovych",Volodymyr ROGOV,ROGOV Volodymyr,Valeriyovych Volodymyr ROGOV,ROGOV Valeriyovych Volodymyr
"ELSHANI, Gafur",Gafur ELSHANI,ELSHANI Gafur, Gafur ELSHANI,ELSHANI  Gafur
"CAZAREZ PEREZ, Irma",Irma CAZAREZ PEREZ,CAZAREZ PEREZ Irma, Irma CAZAREZ PEREZ,CAZAREZ PEREZ  Irma
"KIM, Se Gon",Se KIM,KIM Se,Gon Se KIM,KIM Gon Se
"LAU, Edwina",Edwina LAU,LAU Edwina, Edwina LAU,LAU  Edwina
"DIAZ LOPEZ, Mateo",Mateo DIAZ LOPEZ,DIAZ LOPEZ Mateo, Mateo DIAZ LOPEZ,DIAZ LOPEZ  Mateo
"SHURAYQI, 'Abd-al-Salam",'Abd-al-Salam SHURAYQI,SHURAYQI 'Abd-al-Salam, 'Abd-al-Salam SHURAYQI,SHURAYQI  'Abd-al-Salam
"EISMANT, Natallia Mikalaeuna",Natallia EISMANT,EISMANT Natallia,Mikalaeuna Natallia EISMANT,EISMANT Mikalaeuna Natallia
"TORRES SOSA, Benjamin",Benjamin TORRES SOSA,TORRES SOSA Benjamin, Benjamin TORRES SOSA,TORRES SOSA  Benjamin
"KAMYSHEV, Denis Valentinovich",Denis KAMYSHEV,KAMYSHEV Denis,Valentinovich Denis KAMYSHEV,KAMYSHEV Valentinovich Denis
"ORLOV, Alexei Maratovich",Alexei ORLOV,ORLOV Alexei,Maratovich Alexei ORLOV,ORLOV Maratovich Alexei
"GOLDFINCH, Paul Andrew",Paul GOLDFINCH,GOLDFINCH Paul,Andrew Paul GOLDFINCH,GOLDFINCH Andrew Paul
"DAGHIR, Ali Ashour",Ali DAGHIR,DAGHIR Ali,Ashour Ali DAGHIR,DAGHIR Ashour Ali
"BOHATYRIOVA, Raisa Vasylivna",Raisa BOHATYRIOVA,BOHATYRIOVA Raisa,Vasylivna Raisa BOHATYRIOVA,BOHATYRIOVA Vasylivna Raisa
"BASHKIN, Alexander Davidovich",Alexander BASHKIN,BASHKIN Alexander,Davidovich Alexander BASHKIN,BASHKIN Davidovich Alexander
"ZAFER MIHBEK, Mohammad",Mohammad ZAFER MIHBEK,ZAFER MIHBEK Mohammad, Mohammad ZAFER MIHBEK,ZAFER MIHBEK  Mohammad
"CUSPERT, Denis Mamadou",Denis CUSPERT,CUSPERT Denis,Mamadou Denis CUSPERT,CUSPERT Mamadou Denis
"RAJABIESLAMI, Morteza",Morteza RAJABIESLAMI,RAJABIESLAMI Morteza, Morteza RAJABIESLAMI,RAJABIESLAMI  Morteza
"TUFAIL, Mohammed",Mohammed TUFAIL,TUFAIL Mohammed, Mohammed TUFAIL,TUFAIL  Mohammed
"NETYKSHO, Viktor Borisovich",Viktor NETYKSHO,NETYKSHO Viktor,Borisovich Viktor NETYKSHO,NETYKSHO Borisovich Viktor
"SOPTA, Stanko",Stanko SOPTA,SOPTA Stanko, Stanko SOPTA,SOPTA  Stanko
"BRKIC, Nikola",Nikola BRKIC,BRKIC Nikola, Nikola BRKIC,BRKIC  Nikola
"MEZA OLIVARES, Alma Yanira",Alma MEZA OLIVARES,MEZA OLIVARES Alma,Yanira Alma MEZA OLIVARES,MEZA OLIVARES Yanira Alma
"BELTRAN LEYVA, Marcos Arturo",Marcos BELTRAN LEYVA,BELTRAN LEYVA Marcos,Arturo Marcos BELTRAN LEYVA,BELTRAN LEYVA Arturo Marcos
"MONTAZAMI, Gholamreza",Gholamreza MONTAZAMI,MONTAZAMI Gholamreza, Gholamreza MONTAZAMI,MONTAZAMI  Gholamreza
"QIU, Hong",Hong QIU,QIU Hong, Hong QIU,QIU  Hong
"CHARAMBA, George",George CHARAMBA,CHARAMBA George, George CHARAMBA,CHARAMBA  George
"FATEH, Abdessamad",Abdessamad FATEH,FATEH Abdessamad, Abdessamad FATEH,FATEH  Abdessamad
"NASSER, Wafiq",Wafiq NASSER,NASSER Wafiq, Wafiq NASSER,NASSER  Wafiq
"ADEN, Mohamoud Abdi",Mohamoud ADEN,ADEN Mohamoud,Abdi Mohamoud ADEN,ADEN Abdi Mohamoud
"VEDYAKHIN, Alexander Aleksandrovich",Alexander VEDYAKHIN,VEDYAKHIN Alexander,Aleksandrovich Alexander VEDYAKHIN,VEDYAKHIN Aleksandrovich Alexander
"XU, Bin",Bin XU,XU Bin, Bin XU,XU  Bin
"SALAVATI, Abolghassem",Abolghassem SALAVATI,SALAVATI Abolghassem, Abolghassem SALAVATI,SALAVATI  Abolghassem
"SHAKURI, Gholam",Gholam SHAKURI,SHAKURI Gholam, Gholam SHAKURI,SHAKURI  Gholam
"SANDOVAL LOPEZ, Pablo Roberto",Pablo SANDOVAL LOPEZ,SANDOVAL LOPEZ Pablo,Roberto Pablo SANDOVAL LOPEZ,SANDOVAL LOPEZ Roberto Pablo
"POURNAGHSHBAND, Hossein",Hossein POURNAGHSHBAND,POURNAGHSHBAND Hossein, Hossein POURNAGHSHBAND,POURNAGHSHBAND  Hossein
"AL-DAGHISTANI, Muzayyin",Muzayyin AL-DAGHISTANI,AL-DAGHISTANI Muzayyin, Muzayyin AL-DAGHISTANI,AL-DAGHISTANI  Muzayyin
"KHANANI, Obaid Altaf",Obaid KHANANI,KHANANI Obaid,Altaf Obaid KHANANI,KHANANI Altaf Obaid
"AVELLAN MEDAL, Ramon Antonio",Ramon AVELLAN MEDAL,AVELLAN MEDAL Ramon,Antonio Ramon AVELLAN MEDAL,AVELLAN MEDAL Antonio Ramon
"IVANOV, Maksim Yevgenyevich",Maksim IVANOV,IVANOV Maksim,Yevgenyevich Maksim IVANOV,IVANOV Yevgenyevich Maksim
"AL-'AZBAH, Hana",Hana AL-'AZBAH,AL-'AZBAH Hana, Hana AL-'AZBAH,AL-'AZBAH  Hana
"RINCON CASTILLO, Pedro Nel",Pedro RINCON CASTILLO,RINCON CASTILLO Pedro,Nel Pedro RINCON CASTILLO,RINCON CASTILLO Nel Pedro
"SHANDAROVICH, Oleg Stanislavovich",Oleg SHANDAROVICH,SHANDAROVICH Oleg,Stanislavovich Oleg SHANDAROVICH,SHANDAROVICH Stanislavovich Oleg
"AL-HARBI, Adel Radi Saqr Al-Wahabi",Adel AL-HARBI,AL-HARBI Adel,Radi Saqr Al-Wahabi Adel AL-HARBI,AL-HARBI Radi Saqr Al-Wahabi Adel
"RODIKOV, Mikhail Leonidovich",Mikhail RODIKOV,RODIKOV Mikhail,Leonidovich Mikhail RODIKOV,RODIKOV Leonidovich Mikhail
"RUNLING, Ruan",Ruan RUNLING,RUNLING Ruan, Ruan RUNLING,RUNLING  Ruan
"AYACHE, Hassan Mahmoud",Hassan AYACHE,AYACHE Hassan,Mahmoud Hassan AYACHE,AYACHE Mahmoud Hassan
"DE GARIKOITZ ASPIAZU RUBINA, Miguel",Miguel DE GARIKOITZ ASPIAZU RUBINA,DE GARIKOITZ ASPIAZU RUBINA Miguel, Miguel DE GARIKOITZ ASPIAZU RUBINA,DE GARIKOITZ ASPIAZU RUBINA  Miguel
"AL-GHAZALI, Muhammad",Muhammad AL-GHAZALI,AL-GHAZALI Muhammad, Muhammad AL-GHAZALI,AL-GHAZALI  Muhammad
"YEVTYUKHOVA, Yelena Aleksandrovna",Yelena YEVTYUKHOVA,YEVTYUKHOVA Yelena,Aleksandrovna Yelena YEVTYUKHOVA,YEVTYUKHOVA Aleksandrovna Yelena
"ODEH, Ahmed Sharif Abdallah",Ahmed ODEH,ODEH Ahmed,Sharif Abdallah Ahmed ODEH,ODEH Sharif Abdallah Ahmed
"SIRHAN, Hala",Hala SIRHAN,SIRHAN Hala, Hala SIRHAN,SIRHAN  Hala
"TAHA, Husam a-Sahykh",Husam TAHA,TAHA Husam,a-Sahykh Husam TAHA,TAHA a-Sahykh Husam
"AL-RAWI, Marwan Mahdi Salah",Marwan AL-RAWI,AL-RAWI Marwan,Mahdi Salah Marwan AL-RAWI,AL-RAWI Mahdi Salah Marwan
"SHARIFI, Ali",Ali SHARIFI,SHARIFI Ali, Ali SHARIFI,SHARIFI  Ali
"MUKIIBI, Moses",Moses MUKIIBI,MUKIIBI Moses, Moses MUKIIBI,MUKIIBI  Moses
"AL-SHAMMARI, Hamad Awad Dahi Sarhan",Hamad AL-SHAMMARI,AL-SHAMMARI Hamad,Awad Dahi Sarhan Hamad AL-SHAMMARI,AL-SHAMMARI Awad Dahi Sarhan Hamad
"KAR, Mevlut",Mevlut KAR,KAR Mevlut, Mevlut KAR,KAR  Mevlut
"DRYL, Hleb Uladzimiravich",Hleb DRYL,DRYL Hleb,Uladzimiravich Hleb DRYL,DRYL Uladzimiravich Hleb
"TUROV, Artyom Viktorovich",Artyom TUROV,TUROV Artyom,Viktorovich Artyom TUROV,TUROV Viktorovich Artyom
"MENDEZ SALAZAR, John Jairo",John MENDEZ SALAZAR,MENDEZ SALAZAR John,Jairo John MENDEZ SALAZAR,MENDEZ SALAZAR Jairo John
"PADRINO LOPEZ, Vladimir",Vladimir PADRINO LOPEZ,PADRINO LOPEZ Vladimir, Vladimir PADRINO LOPEZ,PADRINO LOPEZ  Vladimir
"KHASHAFI, Muhammad al-Khalid",Muhammad KHASHAFI,KHASHAFI Muhammad,al-Khalid Muhammad KHASHAFI,KHASHAFI al-Khalid Muhammad
"SOLOVIEV, Yuriy Alekseyevich",Yuriy SOLOVIEV,SOLOVIEV Yuriy,Alekseyevich Yuriy SOLOVIEV,SOLOVIEV Alekseyevich Yuriy
"WOLDEYOHANNES, Filipos",Filipos WOLDEYOHANNES,WOLDEYOHANNES Filipos, Filipos WOLDEYOHANNES,WOLDEYOHANNES  Filipos
"GRIGORYEV, Andrey Ivanovich",Andrey GRIGORYEV,GRIGORYEV Andrey,Ivanovich Andrey GRIGORYEV,GRIGORYEV Ivanovich Andrey
"DOLUDA, Nikolay Aleksandrovich",Nikolay DOLUDA,DOLUDA Nikolay,Aleksandrovich Nikolay DOLUDA,DOLUDA Aleksandrovich Nikolay
"YI, Khin Maung",Khin YI,YI Khin,Maung Khin YI,YI Maung Khin
"AL-BUTHE, Soliman",Soliman AL-BUTHE,AL-BUTHE Soliman, Soliman AL-BUTHE,AL-BUTHE  Soliman
"LOZA HERNANDEZ, Miguel",Miguel LOZA HERNANDEZ,LOZA HERNANDEZ Miguel, Miguel LOZA HERNANDEZ,LOZA HERNANDEZ  Miguel
"SALLUM, Muhammad",Muhammad SALLUM,SALLUM Muhammad, Muhammad SALLUM,SALLUM  Muhammad
"PAVLENKO, Vladimir Nikolaevich",Vladimir PAVLENKO,PAVLENKO Vladimir,Nikolaevich Vladimir PAVLENKO,PAVLENKO Nikolaevich Vladimir
"ATIA, Hachim K.",Hachim ATIA,ATIA Hachim,K. Hachim ATIA,ATIA K. Hachim
"LAI, Leonard",Leonard LAI,LAI Leonard, Leonard LAI,LAI  Leonard
"KHITI, Amer Taysir",Amer KHITI,KHITI Amer,Taysir Amer KHITI,KHITI Taysir Amer
"SKAKOVSKAYA, Lyudmila Nikolayevna",Lyudmila SKAKOVSKAYA,SKAKOVSKAYA Lyudmila,Nikolayevna Lyudmila SKAKOVSKAYA,SKAKOVSKAYA Nikolayevna Lyudmila
"SOBYANINA, Olga Sergeevna",Olga SOBYANINA,SOBYANINA Olga,Sergeevna Olga SOBYANINA,SOBYANINA Sergeevna Olga
"TSAREV, Kirill Aleksandrovich",Kirill TSAREV,TSAREV Kirill,Aleksandrovich Kirill TSAREV,TSAREV Aleksandrovich Kirill
"MENDOZA FIGUEROA, Jose Luis",Jose MENDOZA FIGUEROA,MENDOZA FIGUEROA Jose,Luis Jose MENDOZA FIGUEROA,MENDOZA FIGUEROA Luis Jose
"PAVLOV, Andrei",Andrei PAVLOV,PAVLOV Andrei, Andrei PAVLOV,PAVLOV  Andrei
"MUNDOS, Muhindo Akili",Muhindo MUNDOS,MUNDOS Muhindo,Akili Muhindo MUNDOS,MUNDOS Akili Muhindo
"DASTJERDI, Ahmad Vahid",Ahmad DASTJERDI,DASTJERDI Ahmad,Vahid Ahmad DASTJERDI,DASTJERDI Vahid Ahmad
"SALAMEH, Adeeb Namer",Adeeb SALAMEH,SALAMEH Adeeb,Namer Adeeb SALAMEH,SALAMEH Namer Adeeb
"GALLON HENAO, Juan Santiago",Juan GALLON HENAO,GALLON HENAO Juan,Santiago Juan GALLON HENAO,GALLON HENAO Santiago Juan
"YEKATOM, Alfred",Alfred YEKATOM,YEKATOM Alfred, Alfred YEKATOM,YEKATOM  Alfred
"SANTOS, Ahmad (Ahmed)",Ahmad SANTOS,SANTOS Ahmad,(Ahmed) Ahmad SANTOS,SANTOS (Ahmed) Ahmad
"ISLAMBOULI, Mohammad Shawqi",Mohammad ISLAMBOULI,ISLAMBOULI Mohammad,Shawqi Mohammad ISLAMBOULI,ISLAMBOULI Shawqi Mohammad
"UKHNALYOVA, Svetlana",Svetlana UKHNALYOVA,UKHNALYOVA Svetlana, Svetlana UKHNALYOVA,UKHNALYOVA  Svetlana
"TSARYOV, Oleh Anatolievich",Oleh TSARYOV,TSARYOV Oleh,Anatolievich Oleh TSARYOV,TSARYOV Anatolievich Oleh
"KANDELAKI, Tina",Tina KANDELAKI,KANDELAKI Tina, Tina KANDELAKI,KANDELAKI  Tina
"MELNYCHUK, Oleksandr",Oleksandr MELNYCHUK,MELNYCHUK Oleksandr, Oleksandr MELNYCHUK,MELNYCHUK  Oleksandr
"CHOE, Chun Yong",Chun CHOE,CHOE Chun,Yong Chun CHOE,CHOE Yong Chun
"CHU, Kyu-Chang",Kyu-Chang CHU,CHU Kyu-Chang, Kyu-Chang CHU,CHU  Kyu-Chang
"TORRES FELIX, Javier",Javier TORRES FELIX,TORRES FELIX Javier, Javier TORRES FELIX,TORRES FELIX  Javier
"TSYPLAKOV, Sergey Gennadevich",Sergey TSYPLAKOV,TSYPLAKOV Sergey,Gennadevich Sergey TSYPLAKOV,TSYPLAKOV Gennadevich Sergey
